<?xml version="1.0" encoding="UTF-8"?>
<project-private xmlns="http://www.netbeans.org/ns/project-private/1">
    <editor-bookmarks xmlns="http://www.netbeans.org/ns/editor-bookmarks/2" lastBookmarkId="0"/>
    <open-files xmlns="http://www.netbeans.org/ns/projectui-open-files/2">
        <group>
            <file>file:/home/franklinfuentes/NetBeansProjects/cajero/src/cajero/usuarios.txt</file>
            <file>file:/home/franklinfuentes/NetBeansProjects/cajero/src/cajero/Cuentas.java</file>
            <file>file:/home/franklinfuentes/NetBeansProjects/cajero/src/cajero/gestiontxt.java</file>
            <file>file:/home/franklinfuentes/NetBeansProjects/cajero/src/cajero/saldo.txt</file>
            <file>file:/home/franklinfuentes/NetBeansProjects/cajero/src/cajero/transacciones.txt</file>
            <file>file:/home/franklinfuentes/NetBeansProjects/cajero/src/cajero/cuentas.java</file>
        </group>
    </open-files>
</project-private>
